{"cameraMode":{"drawMode":0,"name":"Shaded","section":"Shading Mode"},"sceneLighting":true,"audioPlay":false,"sceneViewState":{"showFog":false,"showMaterialUpdate":false,"showSkybox":false,"showFlares":false,"showImageEffects":false,"showParticleSystems":false},"in2DMode":false,"pivot":{"x":-8.347005844116211,"y":4.563333511352539,"z":-6.001786231994629},"rotation":{"x":-0.40062132477760317,"y":0.11686189472675324,"z":-0.0516011007130146,"w":-0.907294750213623},"size":2.175034284591675,"orthographic":false}